{
  "users": [
    {
      "id": "1759410734109",
      "name": "sam shaw",
      "email": "sams@gmail.com",
      "password": "sams@123",
      "createdAt": "2025-10-02T13:12:14.109Z"
    },
    {
      "id": "1759414123259",
      "name": "cheru ss",
      "email": "cheru@gmail.com",
      "password": "cheru@123"
    },
    {
      "id": "1759415486140",
      "name": "sandesh ss",
      "email": "sandesh@gmail.com",
      "password": "Girish@123"
    },
    {
      "id": "1759419891755",
      "name": "chiran ss",
      "email": "chiran@gmail.com",
      "password": "chiran@123"
    },
    {
      "id": "1759474644869",
      "name": "shina blaze",
      "email": "shina@gmail.com",
      "password": "Shina@123"
    },
    {
      "id": "1759475071532",
      "name": "sero sero",
      "email": "sero@gmail.com",
      "password": "Sero@123"
    },
    {
      "id": "1759482325789",
      "name": "satish ss",
      "email": "satish@gmail.com",
      "password": "Satish@123"
    },
    {
      "id": "1759763891745",
      "name": "cratos ss",
      "email": "cratoss@gmail.com",
      "password": "cratos@123"
    },
    {
      "id": "1759764050015",
      "name": "sandesh gaikwad",
      "email": "sandeshs@gmail.com",
      "password": "sandesh@123"
    },
    {
      "id": "1759826000047",
      "name": "shalu ss",
      "email": "shalu@gmail.com",
      "password": "shalu@123"
    },
    {
      "id": "1759826339328",
      "name": "kaithi ss",
      "email": "kaithi@gmail.com",
      "password": "kaithi@123"
    },
    {
      "id": "1765265322105",
      "name": "admin sam",
      "email": "admin@gmail.com",
      "password": "Admin@123"
    },
    {
      "id": "1765267116530",
      "name": "shang chi",
      "email": "shangchi@gmail.com",
      "password": "Shangchi@123"
    }
  ]
}